ten_63,ten_34,alias
Hà Nội,Hà Nội,
Cao Bằng,Cao Bằng,
Điện Biên,Điện Biên,
Lai Châu,Lai Châu,
Sơn La,Sơn La,
Lạng Sơn,Lạng Sơn,
Quảng Ninh,Quảng Ninh,
Thanh Hóa,Thanh Hóa,thanh hoa;thanh hoá
Nghệ An,Nghệ An,
Hà Tĩnh,Hà Tĩnh,
Thừa Thiên Huế,Huế,hue;thua thien hue
Hà Giang,Tuyên Quang,
Tuyên Quang,Tuyên Quang,
Yên Bái,Lào Cai,
Lào Cai,Lào Cai,
Bắc Kạn,Thái Nguyên,bac can
Thái Nguyên,Thái Nguyên,
Vĩnh Phúc,Phú Thọ,
Hòa Bình,Phú Thọ,hoa binh
Phú Thọ,Phú Thọ,
Bắc Giang,Bắc Ninh,
Bắc Ninh,Bắc Ninh,
Thái Bình,Hưng Yên,
Hưng Yên,Hưng Yên,
Hải Dương,Hải Phòng,
Hải Phòng,Hải Phòng,
Hà Nam,Ninh Bình,
Nam Định,Ninh Bình,
Ninh Bình,Ninh Bình,
Quảng Bình,Quảng Trị,
Quảng Trị,Quảng Trị,
Quảng Nam,Đà Nẵng,
Đà Nẵng,Đà Nẵng,
Kon Tum,Quảng Ngãi,
Quảng Ngãi,Quảng Ngãi,
Bình Định,Gia Lai,
Gia Lai,Gia Lai,
Ninh Thuận,Khánh Hòa,
Khánh Hòa,Khánh Hòa,khanh hoa
Đắk Nông,Lâm Đồng,dak nong;dac nong
Bình Thuận,Lâm Đồng,
Lâm Đồng,Lâm Đồng,
Phú Yên,Đắk Lắk,
Đắk Lắk,Đắk Lắk,dak lak;dac lac
Bà Rịa - Vũng Tàu,Hồ Chí Minh,ba ria vung tau;vung tau
Bình Dương,Hồ Chí Minh,
Hồ Chí Minh,Hồ Chí Minh,ho chi minh;tp ho chi minh;hcm;tphcm
Bình Phước,Đồng Nai,
Đồng Nai,Đồng Nai,
Long An,Tây Ninh,
Tây Ninh,Tây Ninh,
Sóc Trăng,Cần Thơ,
Hậu Giang,Cần Thơ,
Cần Thơ,Cần Thơ,
Bến Tre,Vĩnh Long,
Trà Vinh,Vĩnh Long,
Vĩnh Long,Vĩnh Long,
Tiền Giang,Đồng Tháp,
Đồng Tháp,Đồng Tháp,
Bạc Liêu,Cà Mau,
Cà Mau,Cà Mau,
Kiên Giang,An Giang,
An Giang,An Giang,
